{
   "" : false,
   "gfx_ENVIRONMENT_LIGHT_SCALE" : 1.0,
   "gfx_adaptation_rate" : 1.110000014305115,
   "gfx_air_scatter_scale" : 0.4399999976158142,
   "gfx_atmospherics_enable" : true,
   "gfx_auto_exposure_key_value" : 0.4199999868869781,
   "gfx_bias" : 0.6299999952316284,
   "gfx_block_light_color" : [ 0.9843137264251709, 0.7176470756530762, 0.3843137323856354 ],
   "gfx_block_light_scale" : 0.7541396617889404,
   "gfx_bloom_blur_size" : 2,
   "gfx_bloom_enabled" : true,
   "gfx_bloom_magnitude" : 2.930000066757202,
   "gfx_bloom_threshold" : 1.049999952316284,
   "gfx_cloud_fresnel_distance_End" : 31.64999961853027,
   "gfx_cloud_fresnel_distance_start" : 0.0,
   "gfx_cloud_interior_fog_color_debug" : false,
   "gfx_cloud_interior_fog_depth_end" : 1.0,
   "gfx_cloud_interior_fog_depth_start" : 0.9399999976158142,
   "gfx_cloud_interior_fog_max" : 0.8500000238418579,
   "gfx_cloud_interior_fog_nearby_transition_threshold" : 0.250,
   "gfx_cloud_interior_fog_opacity_factor" : 1.419999957084656,
   "gfx_cloud_interior_fog_outer_shell_opacity_factor" : 0.8500000238418579,
   "gfx_cloud_light_falloff_end" : 10000.0,
   "gfx_cloud_light_falloff_start" : 0.0,
   "gfx_cloud_light_spot_power" : 61.84000015258789,
   "gfx_cloud_render_normals" : false,
   "gfx_clouds0_altitude" : 150.0,
   "gfx_clouds0_animation_pause" : 0.1000000014901161,
   "gfx_clouds0_animation_speed" : 0.1000000014901161,
   "gfx_clouds0_bounds" : 128.0,
   "gfx_clouds0_color" : [ 0.4799999892711639, 0.4799999892711639, 0.4799999892711639 ],
   "gfx_clouds0_drift_velocity" : 0.05000000074505806,
   "gfx_clouds0_edge_highlight_color" : [ 0.6499999761581421, 0.6499999761581421, 0.6499999761581421 ],
   "gfx_clouds0_edge_highlight_tightness" : 1.059999942779541,
   "gfx_clouds0_emissive_strength" : 0.250,
   "gfx_clouds0_enabled" : 1.0,
   "gfx_clouds0_light_wrap_strength" : 0.1700000017881393,
   "gfx_clouds0_normal_bend_tightness" : 7.130000114440918,
   "gfx_clouds0_opacity" : 0.0,
   "gfx_clouds0_thickness" : 8.0,
   "gfx_clouds0_transmission_strength" : 0.6299999952316284,
   "gfx_clouds1_altitude" : 180.0,
   "gfx_clouds1_animation_pause" : 0.1000000014901161,
   "gfx_clouds1_animation_speed" : 0.250,
   "gfx_clouds1_bounds" : 128.0,
   "gfx_clouds1_color" : [ 0.6823529601097107, 0.7019608020782471, 0.7490196228027344 ],
   "gfx_clouds1_drift_velocity" : 0.2000000029802322,
   "gfx_clouds1_edge_highlight_color" : [ 0.8784313797950745, 0.8784313797950745, 0.8784313797950745 ],
   "gfx_clouds1_edge_highlight_tightness" : 7.0,
   "gfx_clouds1_emissive_strength" : 0.8990863561630249,
   "gfx_clouds1_enabled" : 1.0,
   "gfx_clouds1_light_wrap_strength" : 0.6899999976158142,
   "gfx_clouds1_normal_bend_tightness" : 8.630000114440918,
   "gfx_clouds1_opacity" : 0.8999999761581421,
   "gfx_clouds1_thickness" : 6.0,
   "gfx_clouds1_transmission_strength" : 1.0,
   "gfx_clouds2_altitude" : 275.0,
   "gfx_clouds2_animation_pause" : 0.1000000014901161,
   "gfx_clouds2_animation_speed" : 0.250,
   "gfx_clouds2_bounds" : 128.0,
   "gfx_clouds2_color" : [ 0.6823529601097107, 0.7019608020782471, 0.7490196228027344 ],
   "gfx_clouds2_drift_velocity" : 0.1000000014901161,
   "gfx_clouds2_edge_highlight_color" : [ 0.8784313797950745, 0.8784313797950745, 0.8784313797950745 ],
   "gfx_clouds2_edge_highlight_tightness" : 7.0,
   "gfx_clouds2_emissive_strength" : 0.8499749898910522,
   "gfx_clouds2_enabled" : 1.0,
   "gfx_clouds2_light_wrap_strength" : 0.750,
   "gfx_clouds2_normal_bend_tightness" : 8.0,
   "gfx_clouds2_opacity" : 1.0,
   "gfx_clouds2_thickness" : 25.0,
   "gfx_clouds2_transmission_strength" : 1.0,
   "gfx_clouds3_altitude" : 305.0,
   "gfx_clouds3_animation_pause" : 0.1000000014901161,
   "gfx_clouds3_animation_speed" : 0.250,
   "gfx_clouds3_bounds" : 128.0,
   "gfx_clouds3_color" : [ 0.6823529601097107, 0.7019608020782471, 0.7490196228027344 ],
   "gfx_clouds3_drift_velocity" : 0.1000000014901161,
   "gfx_clouds3_edge_highlight_color" : [ 0.8784313797950745, 0.8784313797950745, 0.8784313797950745 ],
   "gfx_clouds3_edge_highlight_tightness" : 7.0,
   "gfx_clouds3_emissive_strength" : 0.8454318046569824,
   "gfx_clouds3_enabled" : 1.0,
   "gfx_clouds3_light_wrap_strength" : 0.750,
   "gfx_clouds3_normal_bend_tightness" : 8.0,
   "gfx_clouds3_opacity" : 1.0,
   "gfx_clouds3_thickness" : 15.0,
   "gfx_clouds3_transmission_strength" : 1.0,
   "gfx_clouds4_altitude" : 448.0,
   "gfx_clouds4_animation_pause" : 0.1000000014901161,
   "gfx_clouds4_animation_speed" : 0.250,
   "gfx_clouds4_bounds" : 128.0,
   "gfx_clouds4_color" : [ 0.6823529601097107, 0.7019608020782471, 0.7490196228027344 ],
   "gfx_clouds4_drift_velocity" : 0.05000000074505806,
   "gfx_clouds4_edge_highlight_color" : [ 0.8784313797950745, 0.8784313797950745, 0.8784313797950745 ],
   "gfx_clouds4_edge_highlight_tightness" : 7.0,
   "gfx_clouds4_emissive_strength" : 1.0,
   "gfx_clouds4_enabled" : 1.0,
   "gfx_clouds4_light_wrap_strength" : 0.750,
   "gfx_clouds4_normal_bend_tightness" : 8.0,
   "gfx_clouds4_opacity" : 0.03061264753341675,
   "gfx_clouds4_thickness" : 4.0,
   "gfx_clouds4_transmission_strength" : 1.0,
   "gfx_clouds_enabled" : true,
   "gfx_crops_flexibility" : 0.1000000014901161,
   "gfx_debug_texture_array_index" : 0,
   "gfx_depth_of_field_enable" : true,
   "gfx_depth_of_field_far_end_blur_Size" : 2,
   "gfx_depth_of_field_far_end_depth" : 1.0,
   "gfx_depth_of_field_far_start_depth" : 0.7200000286102295,
   "gfx_depth_of_field_near_end_depth" : 0.1199999973177910,
   "gfx_depth_of_field_near_start_blur_Size" : 1,
   "gfx_diffuse_tint" : [ 0.0, 0.0, 0.0 ],
   "gfx_directional_shadows_enable" : true,
   "gfx_drago_white_level" : 11.19999980926514,
   "gfx_edge_highlight_enable" : true,
   "gfx_emissive_scale" : 1.0,
   "gfx_entity_edge_brightness" : 1.149999976158142,
   "gfx_entity_edge_lod_scalar" : 0.750,
   "gfx_entity_edge_sharpness" : 1.0,
   "gfx_entity_edge_width" : 0.2000000029802322,
   "gfx_entity_shadows_enable" : true,
   "gfx_exponential_white_level" : 0.8299999833106995,
   "gfx_exposure" : -0.1801795810461044,
   "gfx_flowers_flexibility" : 0.2000000029802322,
   "gfx_foam_anim_fps" : 5.0,
   "gfx_foam_color" : [ 1.0, 1.0, 1.0 ],
   "gfx_foam_flow_speed" : 0.250,
   "gfx_foam_scroll_speed" : 0.02500000037252903,
   "gfx_fog_max_depth" : 10.0,
   "gfx_fog_min_depth" : 0.0,
   "gfx_foliage_light_wrap" : 1.0,
   "gfx_foliage_light_wrap_enabled" : true,
   "gfx_grass_flexibility" : 0.250,
   "gfx_ground_scatter_beta" : [ 0.3098039925098419, 0.4784309864044189, 0.5333330035209656 ],
   "gfx_ground_scatter_color" : [ 0.5764706134796143, 0.8196079134941101, 1.0 ],
   "gfx_ground_scatter_dist_scale" : 0.1700000017881393,
   "gfx_ground_scatter_height_falloff" : 0.3499999940395355,
   "gfx_ground_scatter_scale" : 0.7799999713897705,
   "gfx_hable_white_level" : 1.059999942779541,
   "gfx_item_in_hand_edge_brightness" : 1.250,
   "gfx_item_in_hand_edge_sharpness" : 1.0,
   "gfx_item_in_hand_edge_tightness" : 32.0,
   "gfx_leaves_flexibility" : 0.05000000074505806,
   "gfx_lens_flare_angle_appear" : 0.6999999880790710,
   "gfx_lens_flare_enable" : false,
   "gfx_light_color" : [ 1.0, 1.0, 1.0 ],
   "gfx_light_offset" : 0.0,
   "gfx_light_scale" : 0.50,
   "gfx_linear_angle" : 0.4799999892711639,
   "gfx_linear_strength" : 0.4099999964237213,
   "gfx_logarithmic_white_level" : 11.19999980926514,
   "gfx_lum_map_mip_level" : 0,
   "gfx_luminance_saturation" : 2.730000019073486,
   "gfx_lush_foliage" : true,
   "gfx_metal_color_scale" : 0.09000000357627869,
   "gfx_metal_mask" : 0.0,
   "gfx_mie_beta" : 0.2156066000461578,
   "gfx_motion_blur_enable" : false,
   "gfx_motion_blur_threshold" : 0.0,
   "gfx_normal_strength" : 3.250,
   "gfx_opposing_light_scale" : 0.5400000214576721,
   "gfx_parallax_height_scale" : 0.05000000074505806,
   "gfx_rayleigh_beta" : [ 0.0, 1.0, 0.3083333373069763 ],
   "gfx_rayleigh_dist_scale" : 0.3054568171501160,
   "gfx_rayleigh_height_falloff" : 0.3300000131130219,